filename,client_id,sentence,age,gender,locale,duration_sec,duration_cat
common_voice_en_17873663.mp3,418763f1d2971907b3bd0e8ef3950483d07ed568356125eade2afcd47378cd7e97416a04b9974a9c704658bc44f54c15af8f15e20a99f7d5045d5782bf196411,At a round table there's no dispute about the place.,fourties,male_masculine,en,6.168,medium
common_voice_en_522009.mp3,e742294f454a4952011a8071939aea383be14d44a000ee1a89ff51413caddbd27c4ac592d1b7b713f7381092b0f61a3afaf02e19745a346fdfaa9550769386be,And you know it.,thirties,male_masculine,en,3.024,short
common_voice_en_31713332.mp3,c0d8ade13d2eb4fc68e3cf75fbf8ca83753734d20dd5e6b817aff756394b8bd2827392e67b0958e19562c9cc92bb595f1bb45a3d5eab410087cf0d5b4e9f5dcd,Rosa Mayreder wrote her obituary which concluded,twenties,male_masculine,en,7.02,medium
common_voice_en_18577449.mp3,cea19706aa5d20dcdbef0d5ccb6ba0e1380edfe3537c21fad70ae277af14205ca0cb3ae831a4998415a48901a2130b401deb980804b961080d7d828abc598243,He took it dully.,twenties,male_masculine,en,2.736,short
common_voice_en_18661019.mp3,85cbe0c46759cf9c4f1b059da259b2f601786bc58db7a4c556b57f19cdcf6a990fec1e9fa3b3f4d0eb891861bcc456505b2aa28f200a0ae28e062d94aaacfa65,"It draws, says Jo, ""as heavy as a cart.""",thirties,male_masculine,en,6.384,medium
common_voice_en_20895162.mp3,fc3789c6171c32465ff7deb3ee74d027f0f294328d59e465ba214031015a6f7ac2e9a250f3d5a007494461f9f10e062a1914922ea868a642a7da39a9c47f1267,Pressure suits had not been used on Soviet manned spacecraft since the Vostok program.,twenties,male_masculine,en,7.896,medium
common_voice_en_36410779.mp3,771ff751aea9717ddc102f327a847aa306ada367eeb1d4d264b2aa2e05fac4311472dea5da9a2257416cdb780f8ce25d0c9afed615bb1ccd5dfa464d0d100b8e,These materials addressed the problem of violence against women.,teens,male_masculine,en,5.184,medium
common_voice_en_64647.mp3,7ec7952e7b00aa415eed56c97376f2231d9bf0153d856ec295215190b1912ed3a1769fafdf75f1d803008bb3f41343e86e0affebaf646915a43b02cda2378948,The black dog in front of the tree has a green toy in its mouth,fourties,male_masculine,en,9.024,medium
common_voice_en_18969138.mp3,7a03fc332cc58d4734a744e9962e3e3b297f1f3ce6f4da7e1cf40ad6b5020b15d51ec96b53f291049be5d42bc2a3d607bcae5878d6d63029e73e46ba29682f48,Service facilities for trucking and heavy equipment repair are also located in Jamestown.,twenties,male_masculine,en,9.048,medium
common_voice_en_19708705.mp3,48636700359786c36f680071c696fea55c28d610b519ca634a53c76f3837bb86df738826974217b81a73618dfe78580e8750e4c29a232ed8debac87297b2430b,They often graze on water plants in tropical seas.,twenties,female_feminine,en,5.448,medium
common_voice_en_35400503.mp3,2e97f306f496d7b56a076f68058e345dc7e750a05d3ff10c83bb8c97a08f2b840d4693a962d3a3266b18e20e652e941e8e4e2ba16eb0b37a437f8fe20175797e,Dolly was the first clone produced from a cell taken from an adult mammal.,seventies,female_feminine,en,7.956,medium
common_voice_en_20440160.mp3,5254f75d8ea4b8108cf1dd11206dcfb018f6d03a9c171d82426520f4e7333339ba3e468314006dfa4ba0688f92cf0cc42dfac1802245cedf02ba9cad1c528a9d,The Monklands Sailing Club is based at Hillend Loch by Caldercruix.,twenties,male_masculine,en,6.504,medium
common_voice_en_25423290.mp3,779762f4f0a39cde3fb190c6c8a16e17f92011a17cb0015ed8b0f885b4a2fd0c03137f2e2f7fbb36fd81e60aec3426accdbf466ca041657da61d9ca30239d1bf,"This was part of her inspiration for her ""Cousin Minnie Pearl"" routine.",twenties,male_masculine,en,5.04,medium
common_voice_en_34082129.mp3,31e3abdfc3c73f6e11d077c5f7c60ab720606d0682edc8b197ac7bce0d2bd4dbad779e3bf3179c2155c1648c5c0be4fa759195f3cc0d54236c4319aaf0e5ff96,Azerbaijan entered one male boxer into the Olympic tournament.,thirties,male_masculine,en,4.5,short
common_voice_en_17861963.mp3,cc96a677d29be7b0b466025b7ae479e9b5019ce7d6f456ae3d494f5e7e9a78567a8ac2127f05ae8e4e0224b7fc696deed7a7af023b24a1da537823e02b142690,"If you experience further problems, please let me know.",thirties,male_masculine,en,3.504,short
common_voice_en_20296863.mp3,13d76ca3033f3ab773e81f24b6ccadd56705dcf21585166700d3d42ad08e98ad0ea03255bf72dec599bfce0ae85becc78509e8194531565510baeade50fd7177,Washington Township residents have access to Harrisburg Area Community College.,teens,female_feminine,en,6.912,medium
common_voice_en_21367755.mp3,125cb76055e54642cce345d7b11263ee08b4093272b6a438264596c37d669a86349610181f7598b00014feeb040b858cfa8320d9ef84e117f691424fe0c8cff7,The inhabitants would have preferred to remain as independent municipalities.,twenties,female_feminine,en,5.904,medium
common_voice_en_19270941.mp3,dbd991375e9ab70ede708b18539120ed2a1417b31af664daf96b76ad009dbb6c7b8b60ac90fe439ac266d75255c652629cb8d4fbf7d29d06799a72f3148a37d9,The leadership functions of any corporate body at Rome might be termed praetorial.,twenties,male_masculine,en,9.96,medium
common_voice_en_33409250.mp3,96d1904177aa25e38857ca190f4ef25432ef2f63ec867fa9361b54c581d31e2eab94c72eb85c050249cd7635399544b431c9667bd35426402a2b31e1b0477bed,Steve rejects sex with Heleen.,thirties,male_masculine,en,4.932,short
common_voice_en_675201.mp3,af61749ea2f135d1e6c41e6836be67c456d7edcae33d0179df1954ba703df6e3f5fd8cbe4a124dd23fcb5dc512ad7867d98273d54801bafa38b61c990503fc58,Two people on red motorcycle riding with a group of motorcyclist.,twenties,male_masculine,en,4.176,short
common_voice_en_38705011.mp3,1eb96f507a330bf58c29c290babb8ce5122f5df65c09f94f5c14c913e2943694b727904203f1af16952d5f9fa776a33783f4465b6fde4c820b4e56c6b0e8c7a1,Initially it was only released as part of the Dizzy's Excellent Adventures compilation.,teens,female_feminine,en,7.74,medium
common_voice_en_19945342.mp3,5274010c1bb1e8d71274a2629b68e599249fd83dedb7239715240d4df8699ed4fcaf085e743e0fa4dd015ae266f8cda082958241634277ea8a678e79e3ca4454,"Six of the eight aircraft ran out of fuel and crashed, killing one pilot.",twenties,male_masculine,en,7.296,medium
common_voice_en_24278994.mp3,183ebb6424f482f7fe33355eaeafe6d028c13788e57a559641a4c4f89c15007af017465a671df916f262886bf9710394dc5860abe17130810ca4d778e815f286,He was buried at Blossom Hill Cemetery in Concord.,thirties,male_masculine,en,5.58,medium
common_voice_en_25467856.mp3,bad12a964ef2a9228d4492e0bd07d432910935975cee8960fad822cd3b00b8863284d4e4cddbdd5af2569f6d90537651a20f098b78bf19417b5b360ae51a9162,"In these cases, skin tone and hair color are not so important.",thirties,male_masculine,en,7.488,medium
common_voice_en_21853647.mp3,04c3d81414758eeca987b5abdd530bd17a007b593b021f3829d038c6e1fbef37a62f04f82aa12e0f101e1298337009c7a3109ed184ce00186c7b1af16e4d51b1,Only John Wayne himself surpassed McGrath in scenes in this movie.,twenties,male_masculine,en,7.056,medium
common_voice_en_24739116.mp3,3aba4b8c776596fa28176556c9038e10aad70c84e29c198a337c750e5e94754f644a779e881b34cc7fda8eaabf09e7154cedfb5e281ba51e2c0a7676d1c9491d,Many such mysteries surround the Cuerdale trove.,twenties,male_masculine,en,5.724,medium
common_voice_en_25256895.mp3,f80e8e7256ea5492f4348976b84ada48d5eb23b88fcdf8d91416a71dd893fe5b04b8d3499d1f7b32520a99532ccf8246cf21e077ae08b65d5d16f4edd11601dc,The area is now a neighborhood within the town of Davie.,teens,male_masculine,en,5.508,medium
common_voice_en_13714943.mp3,7546b3fb3a17558658d3d6e81a487d0786bd853c1acd08238112c1e3ebaca089653cc04201729c96d282e0a0256705d5f08104770e4b84eb7b62744c8eee1777,"If you release the clutch too quickly, the engine will stall.",teens,male_masculine,en,6.12,medium
common_voice_en_21722729.mp3,e549bd6c908ad6d0b07791bfbd85cdb91cc6c34e818405cbd1fe2f04e7ae2b1b183d29351a2611a436972158a90c280db2778b96f110471af9675bf35e1c9fe3,Captain Fairchild noted that there was no fresh water available on these islands.,twenties,male_masculine,en,7.392,medium
common_voice_en_19984718.mp3,a3f9742550d3a55b37e5fae79a1e79ab981fe0c5eff2a8a7956fa000e6d65fb21dd6b75666cbe3e14ce5ec77f79142e37b709d1f49c054d82c8ad5cd520e2301,The Finns and others called much of the area Copper Island.,twenties,female_feminine,en,6.192,medium
common_voice_en_17902330.mp3,fdbbf62956f8e20a8e1cfe8f016c65ac34c74170d444ddeead7b3f768e58e7e39e404c472594f9f6ae237ba58ad7f21ab484578978645e4f6cce16b6fb779218,Stark naked. Under bare poles. In puris naturalibus.,twenties,male_masculine,en,5.712,medium
common_voice_en_18890550.mp3,3c9bf74c9a6d857db10df743c41824720dd930feb3cfc5990db870204288b9132c0fdaf0f91aa53795c242299b5c1da439ed28fdbad21bbc6999674ee2cdd49c,"It has a semi-prehensile tail, needle sharp teeth and a long snout.",twenties,male_masculine,en,6.432,medium
common_voice_en_18777448.mp3,ed4434029496daadf5c5d20d6dd138b91aae237a4e01ff98408902f16981325c272f2065abc5fc38250233873cec343c4af5b789c8c57023d5acc419946afe3c,It is opposite Padstow on the northeast bank of the River Camel estuary.,teens,male_masculine,en,7.752,medium
common_voice_en_18374632.mp3,b137db9e4d31a1d9c17ca6699f1de2df400f3067b25cd526980fcccd371ce65e4996cc1c848bc16c8d14907006c56ec0e65f9d96c8e78ae60198a43ec9e1bc83,"Oh, what are you going to when he arrives?",thirties,male_masculine,en,4.296,short
common_voice_en_18292004.mp3,9a746f9725731f77962cf7df00c9719c7c38c260f6cfe19602c090ddb7b93b378e1637ab615691a5e71f907ccc1514e27ff737f3d7664fee793f45a94bd2bd85,The cake will be ready in seventeen minutes.,twenties,male_masculine,en,3.624,short
common_voice_en_18854899.mp3,031fea3fcf4ec12ef9a941c0bd2077837bdb72f9064cfe8ae8018ee17c25f8ba0fba867b365617cf2334c23d1d22400ca4991a597cf595664b35f8723ae42de0,There is no public transportation in Barkhamsted.,twenties,female_feminine,en,5.664,medium
common_voice_en_19736952.mp3,fd9def380f76b08b543a700365e47b767981ac33cb859550f8f8eb58c5d1414c88f0121d33e5871613b1201776b2a0d15cb4cc16c904c893efb631daa1aa4c05,"There is a proposal to add an additional stop at East Greenwich, Rhode Island.",fourties,female_feminine,en,5.616,medium
common_voice_en_31636383.mp3,f923ee44db8fb4c721c8a0fd52b88fa0c41642c5ae3c5a0a58da782182ba0484bd18516747de3fb9a35b4b567eeb459c52e0ebb40e033cc05ca9bbf7fd29c0c4,Fertile soil characterizes both the hills and valleys.,twenties,male_masculine,en,5.76,medium
common_voice_en_38420003.mp3,536be20606cbdab13dbb3c7c2a43461f9339ecfba4e6cace9f69559eff2af347da2ac9bdb8a78b295727bc3dc4a5e20cfb24cde0ee1991a7dbf0cd1ab0b8e486,I order you to serve out the guns.,twenties,female_feminine,en,3.276,short
common_voice_en_19973696.mp3,d7307d4e055b2d1faa131285aa6ff077a3b59af834621dfb89cbf472120e728443af2e1024a5cbd92075cc0a5ef8c2b0447e118d6f347a34b89c947b69c30cf6,Also the difference among the genders regarding life expectancy is still significant.,thirties,male_masculine,en,6.432,medium
common_voice_en_24230076.mp3,6096d12214ba64e652c70b7c52eee83dcabb9379a1e71d76de7d8acedb3386ba132c167e15c1577e86adbd9f449e5f167e619e3b323572873c1a4e54ce11f379,"If they failed to do so, their marks suffered.",fourties,male_masculine,en,5.148,medium
common_voice_en_33853542.mp3,68a6aeb4bad7b960891fa7f29fb585955d4536972dada6eb3dee733b8b0f2e62c95fa4c376596ca581012e73e90f361e5b8f9a61d5301546ab28a752ae9fac40,My name is Stephen Malone.,teens,male_masculine,en,5.328,medium
common_voice_en_31671570.mp3,72852fbe8a34ed7720a32bf6aaece2b112cf6f1489af7ad55b1594b31ff4f1f4667b5065f085bed6aaadcb7bd89f1038d5d310f9e58afa7e9a0b0e6a73a85c61,A few of his rulings are observed by Jews to this day.,teens,female_feminine,en,6.048,medium
common_voice_en_31788782.mp3,1a52a59baecc8b30b76c2a6d5bd46e174416fdb4778840a9749039fb22896cf21545548ff2d645cc9d3650aa7078f00e0277120d74bd258e8afd53398bffd2ff,He immediately left the bar and headed home.,twenties,male_masculine,en,4.968,short
common_voice_en_39550439.mp3,16b25f84532c9747ab6ebf8e2d07f270d1eab5a9bb691b27c57789f48841675c4f71f6a279113891cbf9917e7750d9f944d186b3d9194650c8db5aba4dae7de7,"In the United States, his philanthropy largely took the form of educational initiatives.",twenties,male_masculine,en,6.948,medium
common_voice_en_17869966.mp3,dc8c76c35764c04fcb0bf1ca3b703d3c04891fcb764fe00900bea5df431cacf1263fa0b03f48c2b9580a2c9e92458905613d6579ea2fbc99b8da00e21fff0407,That’s what you get for testing my patience.,teens,male_masculine,en,3.456,short
common_voice_en_17865774.mp3,a3440dec27f8534c33057bfa31b0315013a3c9ce2642425c5135584314e3059a94f2cb356f645cd8d42f9040842638017a9a6e719ffecb1489cdbaf0ecd69fc2,The Phantom of the Opera is the only musical I've ever seen.,fourties,male_masculine,en,5.088,medium
common_voice_en_106966.mp3,6cd4c997415e175d1701c9a3adbae53edffcf54c1317c6f10470f37187cbc8e1f42980134b9f3f0af01bd2ab15a9ffaf31d8496d4427885a5bb5f381765f98cc,"Then, you taught me something of the universal language and the Soul of the World.",seventies,female_feminine,en,20.784,long
common_voice_en_36486273.mp3,bb15aebb124a4747eb4dc5bc4ec75b2c6633d3d58ed8983b6e5dbf2ba085d53ebdd03cdaafa949ae6760275951ad9f6ed6307fe486fc3d0f8b18ceb685f00593,Membership cannot be handed down to another person.,fourties,female_feminine,en,7.128,medium
common_voice_en_19212042.mp3,90e056598d6e1aff9e1d09bbbf39516dcddeb683799d13f793292cc8dea51ad92e9758695ca50eb56743644aca68c610a44c64a9a087863d12d31f08b66469d2,She offered to raise the funds and supervise construction of the hospital.,twenties,male_masculine,en,6.696,medium
common_voice_en_22709694.mp3,1240a0e1f1076d55d54d13aab482fb23e437ff81206db5a6441308b05e7faad8e1cb6f9a22911cb8ebc0d768bf41dd6cde6203b69ede6e2b234fd9da8f1d57d6,Ten of the season's nineteen known storms attained hurricane status.,twenties,male_masculine,en,6.024,medium
common_voice_en_17252413.mp3,08a95269a14033bb7e81ba2608d56c2e95121c69243103e805c8410cae9762439043707d230a3eb47f3235c453465844485cca4078d4d7476fc276c42ca00349,"Look John, I just cannot support that.",teens,male_masculine,en,3.72,short
common_voice_en_36016276.mp3,c21f6fdee276b62c50f0923444ff0982ce7086759f151957bf0d48feeae2a5adbf252bfd376d1832bd46627dcbdaf7f3f74128fdc76cd09c5eb435d1ca8b6cd2,She was the sister of actress Fredi Washington.,teens,female_feminine,en,6.12,medium
common_voice_en_31713475.mp3,243a32330c368bc72df605a14bd97578a7e71d9665013610dd6d1506f790ecd97e126dd1d481bf7cf44d64e8ebc1512206cefc293bdf548ea957984a5514da1e,A practice mode is also featured.,teens,male_masculine,en,5.508,medium
common_voice_en_23896967.mp3,1394266154d4f04c4e52993d3953034f41e67a07175e3c9bb99907b461ac7a5b9364fe1a750f31cfeebd7002b7400dbb82080322d63cd43dff7b6d4d3e370676,After their release they moved to Toronto.,twenties,female_feminine,en,5.304,medium
common_voice_en_19601943.mp3,bbab329086679fe2ffe32ecee3a9a2dad8a8b0509436ddccde0f9b099576588713c2c6f23f3c66737931a410c1323570bd8b55f4ffd4319b5acfec9980aa3461,"Rucchin played high school hockey for Sir Frederick Banting Secondary School in London, Ontario.",twenties,male_masculine,en,7.752,medium
common_voice_en_18288829.mp3,e1b8a747acee867a62da128a0e22bcad0a3896b7dc78daeb410dced78586b25642a1f667b313da48fa34c9da5db0963767d820eac880f613ec24a307751bc2c2,Feel the heat of the weak dying flame.,thirties,male_masculine,en,7.2,medium
common_voice_en_17289316.mp3,9ea8a6a192d17ddb4bf01a9174a183798648b49a76483044c8c66493a2c7816c98cc212d5ecf728cb9d001ce53869453412d45dda7c254a273cd51df6bd604b4,Did you know that Nikola was going to join us?,sixties,male_masculine,en,3.816,short
common_voice_en_17328819.mp3,ff81f026b7354b30897b36095f3cc8392f120240ef8a2969bc84ccf55b234d5c19e4be5690c94adb691a50612cc627631c71a78a7ce82d7a07950bae052d98c7,"Potatoes are less space-saving, durable and cheap than pasta.",twenties,male_masculine,en,6.192,medium
common_voice_en_3792740.mp3,a9b8f06fad54f885830d25d4472c3993a03336f263886cd6be9083d5d2ad0b23254c78b833c0b64dfae108654cf36fd58e5cdcad9a9c2cdd656d19788509bb84,Jerry could not believe it.,twenties,male_masculine,en,3.624,short
common_voice_en_19757183.mp3,5c64b271f336d1cf4f04340c10af4b4f6382c2d029c24a2293f412fffc347d7aaf9fe4ff244e85b210f866f7e55bf6be19653fff445afe70346715e967453903,Congressman and minister to Colombia.,fourties,male_masculine,en,4.584,short
common_voice_en_18553335.mp3,b187ea9568babcf157907ebef580740cc5f0ca8a1502e967f7538edf571e00286b53ef86f7fdb68b785e40b021f4052ef377573c74dec6d91999e3f69f2d0a89,"Oh, dear no, miss, he said.",twenties,male_masculine,en,4.896,short
common_voice_en_514623.mp3,107a28804ec2e18636725b95590e9843c4c76231888c82b16d401f2093b0c5834b2f7117b8e93a58a5b54ffd1da6ede4a67b779051895d14d3efae82e3de9fa2,Too young or too old?,twenties,female_feminine,en,1.968,short
common_voice_en_6640942.mp3,26b4597afe57bc4cf011eafa8048c99529c76e0149680b7db43b8cac1372263224ae204d08aca57cb8b9b03e86042f74eb5dee8369832df28e643f189e73eab1,And for what purpose?,fifties,male_masculine,en,2.976,short
common_voice_en_19653320.mp3,58ca0c5ccf4b0d810c1a22cbbfcdcdb0628509100ee8240e9cdd108c32486c623be668e2537ab222f730e58c6d90a3fd243ca3266c324b0f954fe1c5a6b44f33,"Agriculture, and oilfield services are the main industries of the area.",thirties,male_masculine,en,7.104,medium
common_voice_en_187603.mp3,fec077d6752b81997be5f502ee7a46da4fd1826458076e950f8814f360fdc849fe369a9a217e74c5f8bbf8af67b772b02c720ce8f11838bde44baa7469fd0560,But I—I had no idea what was going on.,twenties,male_masculine,en,11.136,long
common_voice_en_34954466.mp3,4e0e657e3310c7311a8d612701dc8758eeb003cc7ae9723fcfe2843da7f975dea677562e186d0eebf10d57930c9c68e94b8e2171aaf0ad0ef1f5b987c1cab0ed,"The corner stone was laid by Sir Mortimer Clarke, Lieutenant Governor of Ontario.",twenties,male_masculine,en,5.616,medium
common_voice_en_20937834.mp3,01f7b28eee35a30225f4d4cb0fe151b7344c1f7e6726a951c713eb3ea09fb67173ccedd4847e1af15f2929b464f24610504093b740283fd84fa05adaa85065b2,Thereafter the descent followed that of the other Cowton manors nearby.,twenties,male_masculine,en,6.144,medium
common_voice_en_17285889.mp3,18063f12ef7a595693855e861a3b81889f5a07e3d1be6516a0365ac630ec36a1c4cc75a409bc3ad3a01d8c20d5c44affdb284208c72fd362b7f42c2ca553dca0,I suspect this may be someone new making themselves known.,twenties,female_feminine,en,5.208,medium
common_voice_en_25789138.mp3,023f392b2c47afea65340c7ebe8d9cc561564b3e04b2aeccbd752c8c58797f0d1095c5ffffc536467a983d3f1b409da19b5ea51449fb9e8c3e646cae11a4751d,Similarly with sails.,teens,male_masculine,en,2.7,short
common_voice_en_19696556.mp3,82a5398231d0e1c29444ba8805fae4ef1deb9d87f378a65af7433ef48567a07c0ae726b46ac6a260f7fa315c70ce55390eb04c67232668d9fdbb063f1f708dcf,Taylor called the Diploma a victory for the Old Conservative nobility.,teens,female_feminine,en,6.456,medium
common_voice_en_25722368.mp3,8b81e2d9bb5303f1655abbbe9965ff00a9b97126c9e410828176f018521af167762478ac2383f612e460a131add04dc57ad29639a54e2fbff8188cdbe96115ed,Two men were killed in accidents.,twenties,female_feminine,en,5.544,medium
common_voice_en_20688778.mp3,930ebee697a5de0a7463afdfb40e092db8237ba0cd328c23e874277f757ecc1eae558f147eefe1d2491090f0312d81b42ad18dde475ef2c7e39d313fb3615f19,They are weather-resistant and often also have anti-theft brackets.,twenties,male_masculine,en,9.024,medium
common_voice_en_18948010.mp3,9a66bfd78b2145e4614d6a1189732442c8714013d540ab71d93f53506c877c307fe9d790f2f400abe441db97563a2a22dadf9b9e14e0bf0a7e887cf12e044eae,It was the standard goods engine used by the Lancashire and Yorkshire Railway.,,male_masculine,en,7.344,medium
common_voice_en_32412791.mp3,f13d09cfee970bf2760c36f809d2dcc71261216aae697a7ed4f235867897bd5d032f306114507d8c76176ed6645fd0e618922e88bd53ba4dcb3c832c1545d793,Both the genus and the species were first described and published in Amer.,twenties,female_feminine,en,6.912,medium
common_voice_en_19489627.mp3,f78e930844d95254936b43be98c169c4ad982197c9cbdf13056df845095fcb64dd741f9e2f1bcfb7ea99a0dd239a841c156688c8862a1a9ff9660202b73dc999,"For weeks, Greenberg slept upright, the only way to tolerate the excruciating headaches.",thirties,female_feminine,en,6.912,medium
common_voice_en_19714661.mp3,b045e1d117fb125741c57ffa0ccae625ea5b9618431182c69dc7b6a5b146087fb99ca9e6328eb70b9b5c36d96352232b19e28a4ec65e6f3d617fb523c67e4e63,Most of his early work incorporated subversive social comment.,twenties,male_masculine,en,7.704,medium
common_voice_en_37362738.mp3,40623e005a309e28d46c9b53fc283873cddca00edba219a9ca8345468678abf6457eb4ae8cd6e70d046475da020b5a0141eb2ef9ee42f46dfaf666298c4681d0,"He is respected for his ideas, intelligence and sharp tongue.",twenties,male_masculine,en,4.32,short
common_voice_en_24205067.mp3,c0d5092a77521299dd92561c042417431c10908848ec3f4011e21113ef07321718be47655e560e4e321f4aa1baa6854afcdf86d2efbd8f13e4310d6b9288599b,The paper has received many awards.,twenties,male_masculine,en,5.328,medium
common_voice_en_19141245.mp3,75a1a2f87777f5ecf92fae898d304425925c95bf64590411ac1a07d3674c914adfa689cd2f2373cc06cb7a2216bb15604dbbb0baeecf547ee085e064869947ae,Legendary Pink Dots wore giant toy hats in a photo booth.,twenties,male_masculine,en,6.624,medium
common_voice_en_17357574.mp3,f2b5dd789466a0312fbda1379d17ae6e79af0adffdd0fb5d23b70778bf218e63e1f849482b7e475dd111aaf2b892570cfe4d786fac89a289b824fab9750f0d2e,That's why you collapsed?,seventies,male_masculine,en,7.296,medium
common_voice_en_18355955.mp3,ed9d53380ce98258d3e93df04c04ad87c51deb2c4c0c6773208b8f5350d4fa590064605d40b30ab24ffac763f99c861456da8ffd5779aa928007cd74c4380b8d,"Then it is as I said, Womble announced with finality.",twenties,male_masculine,en,4.92,short
common_voice_en_37227135.mp3,a099efdbd95d0a29a9796009d48122786762afe4311356a682f4d7c221c545c3d5e39cb787933016d79d23ac03a5a100b661f7eb6dc8ada7b17399bc08ecbf84,The resulting proof gives an optimal strategy for every possible position on the board.,thirties,male_masculine,en,6.444,medium
common_voice_en_30406494.mp3,1e5851aa448be43682b8a9fa7afc9308723716c609bf1f5e186a99215c3aaabadb3e9ee0900d528f438df5139d26573a76b0f613c5cbca9898afceaca7eaef9b,This species are on the wing from July to April.,fourties,female_feminine,en,6.012,medium
common_voice_en_17924891.mp3,a655f37d723f73101ec35e062e33911bd60191d8a4a43c38fb60f777c565e7402921132eff7ce257fb73ecaa6c4f84e3a95924f382565957e0e7ecefb44d8358,"She looked skeptical when leaning against the wall, observing the celebrities.",fourties,male_masculine,en,8.664,medium
common_voice_en_26841931.mp3,19fb4e9bf41ea4316666b99dcd97ad76968dd69b547cc934349537654e60dccb1b19dd4549c48e33c765ce4a59ad16d523211e6c3e54df66ffb00b4573ccd566,The two platforms are now linked by a footbridge.,twenties,female_feminine,en,5.328,medium
common_voice_en_36303940.mp3,f5d201a756b4e899437ed70a4b333d3a977db22b8369b18b4c2907bc9aaa97ae63943fe47dabf23f272d75c64642b410d7a1717822d86312f3669754281c6751,"Outnumbered and in danger of being flanked, Hardee's troops withdrew.",twenties,male_masculine,en,4.788,short
common_voice_en_19562559.mp3,5f33464660bcb4cdf33ffac88fd72328b962f23be253be963e28851b68ec067b5e3ccf0133114b8a9d26efdc65228b606b11b35daf9f098ca329ee09d70b9ca8,The Maud Committee reported three years later.,seventies,male_masculine,en,7.776,medium
common_voice_en_23593449.mp3,72cfa8218f494ec0406ffae1b0b41bb5c08d2a5b9caea2926db36498b615701d5fc42fcbfafd69968ef59b01ef1e9f34d5d419d2ebdaa8cdfb67a432c9aa49d1,He sailed as far north as the Queen Charlotte Islands during his voyage.,twenties,female_feminine,en,6.744,medium
common_voice_en_19680459.mp3,f728ae5d9580b03affa1fe066a43ea6cddc2cca766f4a4489f5192e750aace8c2c131526e5ef5086746a755de1bcee1418ed0b0ae8bfd02ec3a7617c315a168e,They opened a new printing-house in Minsk and widened their contacts with workers.,twenties,male_masculine,en,6.336,medium
common_voice_en_19052379.mp3,a8238d8325a322e09c181db859145c0e0f4082a449deda311f4d0e17f5a201c11b64d0e21c5a5fc12b221299c3725c38ff294fd7fc182c60bd8b8e92c554e789,Critic Dave Marsh called it one of the best live albums ever made.,teens,male_masculine,en,8.4,medium
common_voice_en_18354220.mp3,32768709e7c03a36766d935fa43bcc07805a06c3443c88fb8a4b9a331fcc68d5f3c8d6cd38d24191697fef4c011d8d1ae515645c972d8bd52cec60f781f88ae9,"Nowadays, we have fewer but larger farms.",twenties,female_feminine,en,4.656,short
common_voice_en_20400527.mp3,d670362604142f610ab805dc410828895ac65f044aaacd4704736938f627f3408ed88b83048a8eafdaa17180a26206f9820a74fd6cda85ac257b3d57228fdf94,People in kalimantan also named their boat Jukung.,thirties,male_masculine,en,9.696,medium
common_voice_en_19676008.mp3,900e2613dced7bb5727b9d918778489f557103d132d499d2db76926e60faa3251586648d3c15e63a214b5bd721299a2e8b9c95f0334c1d392908623c4514ebcb,Various conflicting accounts exist that describe saffron's first arrival in South and East Asia.,twenties,male_masculine,en,10.464,long
common_voice_en_520490.mp3,05b87f9ab35ea46ca27ee8a9749004f6e59fe0859793aef244b82a40ed28be9c792310d8e3bd3d0326cc898690dcf8afc28566a11d46532b7a6d4688db1962f1,Did you see Uncle Jake with any cash last night?,fifties,male_masculine,en,2.976,short
common_voice_en_31901954.mp3,35b7328c981fb16f01c65bc437d3d29d457be7eafa24d444e8a53eb4941e1f253e1b603ccc6dd9dec5af90da5aa2a878487c60f1afbdeae85bb27daec0b5d434,Lower down the spurs were unaltered or slightly altered sandstone and shales.,twenties,male_masculine,en,7.308,medium
common_voice_en_20406861.mp3,9aa4944fc0360869604b1143ce46f0861cb2130d1e8fa9d9390335f95e3b29b2561b2bd3043625895f269fc991d3bd9bf7fe94647dde0f03f4118f79a5eef3a3,It was Infocom's sixth game.,twenties,male_masculine,en,4.392,short
common_voice_en_18489793.mp3,0157c27ca7de7474c7314b3e822ec761b60759637a669138338cef71f0551140e3eeedf9ba7b2c1d384579b0146d5877013773e633e8df766ebfc8ff923bf932,"A little bright-eyed terrier, you know, with oh, such long curly brown hair!",thirties,male_masculine,en,7.224,medium
common_voice_en_33389072.mp3,c39ab9ed59f2c7eb593ac8c3b423a300694a6d63e8e4f7bb845cc0ddf44a3ad9a28ecc3455d61104fe6a386c2b55d67f001463bb53169bee0341e55979ff2b2f,Seven clubs became charter members.,twenties,male_masculine,en,6.588,medium
common_voice_en_37255991.mp3,8991f68f62fd94d348c96e6502bc4f62e24dc2f72a9f40b206acf48c1959f3dd1aba0f083dce6ab1239cba1f5b20b7d200df5d38b44ddf7e0d209cf14dca7294,‘Is there anybody in the kitchen?’ Not a soul.,twenties,male_masculine,en,5.688,medium
common_voice_en_19738885.mp3,39da29415f32531b147421ccb3c6b6f0eeee6fa6a60412a7dba4d30a243aee91138cd05a15f604d91e0068509081dfc1ac2bcc097e0fa913df9e64fcaf93c74d,This approach often uses other media and breaks accepted conventions and practices.,twenties,female_feminine,en,9.648,medium
common_voice_en_37186674.mp3,06bb3ec99234a4c8bae7f9955be73f074e63ea830ed78a7e5813af043781559756d530d7af23570e03075abf3785d97016e2e528e1626ec77ea40d9f23e3ad69,Blue Pool Road has several steep slopes.,thirties,male_masculine,en,5.688,medium
common_voice_en_39590680.mp3,9fabe0632a99d197cf9c6a9878c62010652412210ade7eecf884a28e1b2bab1175cf95fbacbc4ff07cc09aefccf9d0f1bbf0d72d9660a7552984191758470762,The nearest airports are Mysore Airport and Mangalore International Airport.,thirties,male_masculine,en,8.136,medium
common_voice_en_19998229.mp3,a4a1c44789381a654cb9d195d52bdf697a657c2f15146f0da9f8b8a7b2a3bda74061cf448b773a16c613f43c120d36f6228e89101a741b2d04280852ae47a00b,"North Kanara was transferred to the Bombay Presidency, and South was retained by Madras.",teens,male_masculine,en,8.832,medium
common_voice_en_31713487.mp3,243a32330c368bc72df605a14bd97578a7e71d9665013610dd6d1506f790ecd97e126dd1d481bf7cf44d64e8ebc1512206cefc293bdf548ea957984a5514da1e,The song is widely popular in South Asia especially in India and Pakistan.,teens,male_masculine,en,9.108,medium
common_voice_en_32118312.mp3,5d360e1e893b97ea249931fc2bc0af04a8e02d4ad26c09e95061e86ef5ea56eee73fd91dbad38a851b79c2dac052156ac2f00ca6ec347b7f751035527cac7795,She mapped the functional connectivity of the resting state to different behavioural variables.,teens,male_masculine,en,5.328,medium
common_voice_en_17298604.mp3,591ad5fb3f49a77e8200286890ace0d2b1e78bc37776e57bd08c0bab38ffee45cf8e6f106d4df5a02ac0476c51a60807cea82a095651a925eeca22a82ac596b6,"The python wasn't a snake, it was a programming language.",twenties,male_masculine,en,8.376,medium
common_voice_en_37536220.mp3,fbe4aaac54314f3a3a9b32ba480cf23155a14a9f1a680f49ffbae8fc401b5fbc99a564c935401f0663fd3d2c3a490d78b1708c099d12bbaac28eda99fe734298,Biomass power is created when any biological matter is burned as fuel.,twenties,female_feminine,en,6.408,medium
common_voice_en_30676708.mp3,0a3f27e009572dbc52c115bfa733fdbea6b819dd63fd440adf16a90428f3566049c9fe252e775388ac3bab7e9951fa06c8691497b6568d3b5e436aaea396a8d6,He oversaw the transition of the Danish navy from sail to early steam power.,twenties,male_masculine,en,8.136,medium
common_voice_en_21413474.mp3,7c3d354e92895cf69a368140581bec0476c8655053a1cef6730a2294f0e3eb59c4ec4de8e178914aeb5d4f25442664531db07007822803686ad12a6d0d778179,This add-on allowed Notes documents to be rendered as web pages in real time.,twenties,female_feminine,en,8.496,medium
common_voice_en_17706439.mp3,e6713016c006520f60211c433a8cc3ca3f1ad6d29e317bea943590ab790f427e7bf57cf5c7295cd1b219b17ba90a4e8a4a29cbe76151dff249952319c05dc2fd,Our busiest time of year is in February.,twenties,male_masculine,en,2.784,short
common_voice_en_19635121.mp3,34acdbd040e88d5247b15a2e959c696af466931cd8fae792b1def717df8cbbdcc83d5d6ce1c7eb63d93c14dd9cb0649a008c2d608beaa5c477c85667558f3104,The stories featureded the film actor Alan Ladd in a variety of adventurous situations.,teens,female_feminine,en,8.616,medium
common_voice_en_23815856.mp3,87a64c437b94a4213c12860a694d113485cd2f7ee31de64e12ef6a292ae031833d103f7372a6441b14f222b3d58866526119497f415cf466712ba5dea437d47b,"Brand names include Alu-Cap, Aludrox, Gaviscon, and Pepsamar.",thirties,male_masculine,en,7.968,medium
common_voice_en_39490494.mp3,8d417adfd9703ec3cb28380f433781fe2cc6085f88506d8f103380435beaa9197fe552acf3b4f3ac92ca370011bec6cd3fa0adefcc488038e72eceb266638a30,The heap of wood that had been collected is destroyed.,fourties,male_masculine,en,5.94,medium
common_voice_en_20799483.mp3,344f72d01f725a8e6b85f4d63913da003db30314b5516ba32fd66584d6fd6e044e0dc100589fe667fabbd6ea9cff1c80481cf0a87bc37a83be5b4ed314bb6ee9,Patrick Henry at this point issued a semi-apology.,twenties,male_masculine,en,5.568,medium
common_voice_en_18471299.mp3,341e0820421d79804723de24e40fa96e5bade6ea48ce245ae7930a4fb45a8b99388693540206f3d1c26d68b38b06cbbf1f646a1d1aa2167172bf4189aa441b1e,It was my intention to have a word with Angela.,thirties,male_masculine,en,4.896,short
common_voice_en_23827068.mp3,438485d5679055590647b9ee42afa15e288ca6adb463a2ef8208a04ad910c715da7a7cc00ff23e00f55d461b0ff8a481ec87c93621134606687df19609cadbbe,It marked the start of her transition to more challenging roles.,fourties,male_masculine,en,5.928,medium
common_voice_en_17426846.mp3,b666459f2e5588489327af94832a779e531d9a3223cdcfa833defbdbaf9a6400de2731415081a39ab3f9c738bfc2cacb25f12baf4419df78be23a215b9fb068e,"To escape from the smoke, and fall into the fire.",fourties,male_masculine,en,6.528,medium
common_voice_en_37698584.mp3,558b91bb6c0170be4050c15c807e785047a133b5a8f26cd5355fd1d0916c060a9e4de6d2f04b6e22441e7b52e1355c073f64b22274a044722cff58b92b296ab8,They are messengers of the Great Sun himself.,thirties,female_feminine,en,6.408,medium
common_voice_en_20067905.mp3,d30ffe0b2ee8c4c67ccc2ab0b14d482c79ce4200f0d3ff8d13878440fb965240b406e3b822ff0cd1e370d0efc9b945be27ca915708879419aebb0526148a9b9c,The plots for the miniseries were eventually posted online.,thirties,male_masculine,en,5.52,medium
common_voice_en_21333801.mp3,c16d58fc72613a1f30a9add3bd6df0f5cd33dc800919eeadf3390cdbb875e1e35aa6baf70c54be5f4eacbba51ecb28c1553ec3489c64253353171ca7e66fd888,"During this time, Shropshire would have been flooded again by shallow sea.",twenties,male_masculine,en,9.984,medium
common_voice_en_19938518.mp3,cf97d0d3da8956db9d080276fcfa2e1cb45f3c5555c8efcf0342b588b67e7b7964a396ff5f6e4e7f57a1413c1ade2edfa278b66e1552d0463e287fb5bf12c307,Before he began his political career Edward Seaga was a music producer and promoter.,fourties,male_masculine,en,7.824,medium
common_voice_en_18944256.mp3,5e3364d94fc8145c167960ea64496b7decfbbabf8d83bfe714c608f4febabdb4e04f0c0cb0b3db077fdbe0381dcea79fdf7e911119716ee6ba98e0bef1efa052,Before entering politics Williams was a highly successful lawyer and businessman.,twenties,male_masculine,en,6.096,medium
common_voice_en_19672835.mp3,cb584d113aa586a972128ded6e5afe6d6e1e49e0d63d33bcada5122bc81d1e435fb75fd75d6946dae8107d14c6d1bbdbc3df38f07e6380be2a113f45251cc6ca,The rank insignia consisted of shoulder strap and sleeve lace.,twenties,male_masculine,en,6.024,medium
common_voice_en_18304024.mp3,19fb27444eddb6f5883355148f15d37fc957f474202fd3d2e91bf6a30de30636c35effc1de90ae6e509f75a1f66b6957661c51858a931cf60be17a4abfe82481,Advertisements are rarely hosted by the same web server as the actual content.,twenties,female_feminine,en,5.736,medium
common_voice_en_27697441.mp3,baa6d53d4b0b4405edc01bcf2443dbd0e66bed831d1d48ae39b9c967ae1511f46b522631789e450e204865937563adf267e3e74c8eb1b4745b80483c92608567,The municipality contains part of the Raso da Catarina ecoregion.,twenties,male_masculine,en,8.496,medium
common_voice_en_18099755.mp3,cf2ef662d94e1a79f1a8fdbcd49f7e896e8dd59e4f76e77aa7a1c387f1c1d65a86ffe7418cbf817baac7e057930fca97b9858cb6923c932b8492d15f327c762f,I'll start my first peach harvest later this year.,twenties,female_feminine,en,5.136,medium
common_voice_en_20178859.mp3,a3357cd6db90ed2cfaed08273836c8182c0df9dfd4740989a96b172c7f1404b600007647f5c6173f811eebf45eedc15718420de4920ea5792f8ae839af58b3d5,"Thomson was born in Brunswick, a northern suburb of Melbourne, Australia.",twenties,male_masculine,en,7.224,medium
common_voice_en_532087.mp3,b4cfbd9e2c2cf3a7634e5cd98aaaa252531596a3d77489c6ca055bc76dad28e2ff0db38dff231fc91a44b31c72b2cbc4685d825f98c308301ef81f99b66adc7b,This is a little boy and his dad playing a board game.,fifties,male_masculine,en,8.592,medium
common_voice_en_20984234.mp3,b06efea787e4f7c5fc58dcd75b8b6c6466414b6b0678fbdc0e26b236e167045103fd88cb2cee3d593aa19dfee9740356aea25ed33e39711c8a88c977727c12c6,"The railway uses a slightly different spelling for the town of ""Louisbourg"".",twenties,male_masculine,en,7.968,medium
common_voice_en_19707436.mp3,7479050eb52daa3bf0d9a05818dc9f1b849bccfca95c00c8cd8b7d8d09df9e8f991efa1b5ca1c57bcd4baf31c7f309f6c46eac978172421ff4b6ffddc379bf1a,Chimaira would continue their progression of heaviness with future albums.,teens,male_masculine,en,8.136,medium
common_voice_en_39582221.mp3,4cad254c983988e9109526408a79db9401b27aa096546aa73b5d9bc6248cff9ac73853dbd010b12e603d20523f6d24c11a01949a523a679071e7e34f2214ed8c,These appellations were apparently given to them by the Muslim inhabitants of Outremer.,fourties,male_masculine,en,6.192,medium
common_voice_en_18723995.mp3,475f87d6149b2cd995ea31a89adb3bbf2603c0ce50003f23488a3612b2307dd387c9469081c703c2985d9e653fb3e7c10ca1d6cb56af1ca2f9e7a0d6fbfddba1,Keller then became a hockey coach.,twenties,male_masculine,en,3.384,short
common_voice_en_18754523.mp3,27bdbf842de58f4e3c3ed44207cae39770e2145c6c9ce9174cc050ab6e9d2c8ca2dda2737992e4893bcb5b1628b13c1db73046429c3b60ea3eeaae910c79cfae,The rural population saw the old religious order in danger.,twenties,female_feminine,en,4.896,short
common_voice_en_28010787.mp3,58ede8ced04d43d3551549e6f515d4c90c16ca955f290f1ac67e75b2675a25324afa6024d471294c980eae34bded239631c8c6c81512658efe67579cd1c7e041,Is not that his character?,twenties,male_masculine,en,4.248,short
common_voice_en_19654552.mp3,0f9693e3bdd838822e26716e0dfa4cebdd850655c7f366b4c6bba0c7bc51cba6a776fa9f15e6df6253a4b00e5475b93a2b3836c72649bc2ad532d3719c64278d,"The chartist's philosophy is that ""history repeats itself"".",twenties,male_masculine,en,5.136,medium
common_voice_en_18893500.mp3,bd4a2b6b8a5a7c093a4221ae8af4427ebf50f92cc0ffb0d83b35c2a2965ad48e7326a7f356f0e03e6fddbd43fbbaa618a3c324b0a6cc0aa68e7c3681e4a11267,Aurelian accepted Bahram I's gifts and the terms of peace offered.,thirties,male_masculine,en,6.096,medium
common_voice_en_18366209.mp3,b7c15c14cf7f21a1ea983e3ce76c4cc7538b9d4b721d882f3c1531a4af14796346335cac113a2c3aa50630a26f051bec31f5fd6046319e5c9dfeeeeca0b7aed0,Is that how your niece began?,thirties,female_feminine,en,8.832,medium
common_voice_en_19935865.mp3,bce4db968c5d5471cb277b8bb3e4070252fae3e6166a981398be530d9b5c5af75532de25f90787ad37f1629dd285e4c2f6b6b270f81097aae2b9e43d7d86d4c3,But we really don't know.,teens,male_masculine,en,4.08,short
common_voice_en_23805514.mp3,41e4891060d9931656ed6c8bb76327eb785d7064171e757206c208b0ed81eb5c7140d9788536c4405f675fd4d0a4d6d3ec04260d2c47f0be88bb7189d41d7ff0,The West Fork has a low gradient and is slow-moving throughout its course.,twenties,male_masculine,en,6.936,medium
common_voice_en_18758347.mp3,279d8f0a202c7165707e6b1eb3a3e3cf4e5f0818a1ca39cfa8755adcb9e4aff92854170c2c3403d8f9105a0f89f355adc03e27369c7aa472291942e58d7b9985,"In that case, there exists an odd Darboux Theorem.",fourties,female_feminine,en,8.208,medium
common_voice_en_18661022.mp3,85cbe0c46759cf9c4f1b059da259b2f601786bc58db7a4c556b57f19cdcf6a990fec1e9fa3b3f4d0eb891861bcc456505b2aa28f200a0ae28e062d94aaacfa65,"No, no, my love, said he.",thirties,male_masculine,en,3.216,short
common_voice_en_37870005.mp3,f8644974d2743351d4335a65c9580820ac12dad51eb8b91f223459a9f88da233b33be286ae205d96fd2254999f6240270b33e5af1f64e95300e8792e54345b04,"For this victory, Foch was granted the title Marshal of France.",thirties,male_masculine,en,5.256,medium
common_voice_en_39562047.mp3,f87690af1e254b2c6f5ec257400cdb66c0c49ab2dfbc0adf91fffce079a81f9fcf60303b6077696db72053d45357ab5c861470a29c0aab30015adffe75486eef,Depending on suit quality and partnership agreement different classification schemes are viable.,teens,male_masculine,en,7.056,medium
common_voice_en_24451254.mp3,c90a099ce3ba6add4279f227db4182c316b713bfa5dfe0802f456650b47867d2e26c09d7a5227faee61c5565c4751082afcc59b5910b9dbd86b4f21c26c7c29f,This map is related to parabolic coordinates.,teens,male_masculine,en,5.292,medium
common_voice_en_20451079.mp3,e8c5de5b77a52e995c17b61d66eeb339d9ca26ec8e238ea1e0a15b85201a6e561551af3c9299c424ec7b2c32660a3cccc8226acf43204557634e0d5c6bc81180,It later became a key constituent of the North British Railway.,fourties,male_masculine,en,6.456,medium
common_voice_en_25635326.mp3,0f4b2baf0627e5f984b2ad8d2a1caf9801e0151360a96d16507d80c07264ad41212258a5b5d033c62c6a30ed0278e405ac4223a43321309391e1301248611461,Bob is badly injured and begs Charles for his help.,fourties,male_masculine,en,4.32,short
common_voice_en_34013139.mp3,5670555846191faddcae24a25e76270043b99dd7d7a9f33352dced81c677d35901d045da4b1e2eef6d1b32e4463cd344d027f87c0aefe0b57e872f210e491721,The head is located centered under the bow cabin berth.,twenties,male_masculine,en,7.524,medium
common_voice_en_37981848.mp3,3da2517b32d12f6a2a03ed936f0f9433e04266fd390ea7b345380ac5b42349cc5576b1f7eebf57b5c2cecf65dadd5200493abd86b497a345fbd94a4302f9efa8,"Feminarians, including Segrest, saw writing as a force for political change.",teens,male_masculine,en,7.38,medium
common_voice_en_18864859.mp3,fbac190a04a6dc41862be2590f56aee8434feef9422c04499b3be15cac20fadbbacd935ef8949fdb45e9b77f7bdee2e683f6cdf2ed417ada29fec1d0e65ba5f0,"The name is a variant of Malham, Malgham, and Malghum.",twenties,male_masculine,en,9.384,medium
common_voice_en_18316463.mp3,023d21a36e4a2c072e9836987828bf93d11df68b50f049099595b34e78903a6c14d05e6aa7f3849f0fc83ac114e43c613e0b14fb22770140f26459193a52b0b2,"Bill lingered, contemplating his work with artistic appreciation.",twenties,male_masculine,en,6.312,medium
common_voice_en_31654411.mp3,d7ed15a6a4c5448d87ff402588bb8322be4a9869f4cb95d9c73dd78390552c05b8b8438a88c6654486da2a463be124f585851e2dee88bfb9f88bd30dfb728021,The battle of Piva Forks concluded the next day.,twenties,male_masculine,en,5.976,medium
common_voice_en_23777205.mp3,d2331966c9c286820f3303f2cfcde336046b8a89ca7c70a097312f8c0810e23f72dfcc96ff20ebc3a8ce0699c9ca2a42315a5030d604c20ecf59b1e2827812e2,In this he ridiculed the apothecaries and their allies among the physicians.,thirties,male_masculine,en,6.936,medium
common_voice_en_17775332.mp3,4bb37dc4cbd0586c6983a904b9ca7289126280afc27dfbfde5e1a4f56322f012351f1c1d3fb679867ef51c085954280cb606f5115bb1782f9ca754a471302b8e,"Shawty, you look jaw-dropping in that jersey.",thirties,male_masculine,en,3.984,short
common_voice_en_23853905.mp3,10cd5766aa7359b90d89815c118144b3fa3a66fac912c24d84c0fe36ebb929cf63091761030e81076706db03cd8c23550f25cc54735a45b37d1c0e856a526855,His current whereabouts are unknown.,twenties,male_masculine,en,5.784,medium
common_voice_en_23817814.mp3,e6ddc08ba8012f840c9fc1fc3666a5ce2ed4efbd2b4bfe1f2e911caae91a3da1a86524d0c5a9c27abb3d6a8ed13c3967247eb17167ffbdbdd37bbcb310192ea2,"Marino practiced law in Oyster Bay, and entered politics as a Republican.",thirties,male_masculine,en,6.096,medium
common_voice_en_31692863.mp3,a369cbdbd6fc02425ab9598f13c12222eaea3820d58a28d26b7d1f9d11d769c30fc296af9c8f7757cf112bd04a7c0074cab03338065a0bf7225ffa5a926ba211,The bed of this river is mostly made up of pebbles and pebbles.,twenties,male_masculine,en,5.436,medium
common_voice_en_19953165.mp3,903d961178d1fe8760feabb4d9ac665c93047db47c8aa76496fb8a38f3d09b6fb0efd2de74cec8342b970a01da377d64656baca11d067746825941a17ef6a677,This technique is also known as living polymerization.,twenties,male_masculine,en,5.904,medium
common_voice_en_20202676.mp3,ecfd3860b7fbe96ddefb930fae37ab52afd04865075f628ec1de16581c3781c5c6c21d013b96b4b33ea7cfe7b0184d39433976c19a0564a795a5c8a038d6713a,"Frequent fliers would bring tasty treats to the crew, particularly on morning flights.",fifties,male_masculine,en,6.312,medium
common_voice_en_18813645.mp3,27ff41ea0aa912c11d205256c0c2cb7e2ec8a8fc06bc8e48d04124d463a02f7beeb52a2be62c46bebdaf6f4ee1cfa9e1bcdc7fef7759ebe92909cc5e237c5ca9,"It starred Hawks, Jack Dee, Doon Mackichan, Ben Miller, Alistair McGowan and Charlotte Page.",twenties,male_masculine,en,9.96,medium
common_voice_en_37892950.mp3,8e3ef242d12fdc4063ceea53d46f1a58d69a06c9634a642c323101ebed6f9474d6264e19b6f2cb8d2b35642394a897caaabb2bc136532dd6e00f43957bfc4205,"Four villages grew within its borders: Girard, Churchill, Sodom, and Seceders Corners.",thirties,male_masculine,en,9.0,medium
common_voice_en_31070493.mp3,41c641076e214839286e06e738fb2405915b4d8899341175dd401cf22171c02e0af6bff06f6e94d47fe8eb6cc82753526f08aceeb5f1d455376e0727e2ae72eb,"She currently owns event management company called ""Black Angel"".",sixties,female_feminine,en,6.84,medium
common_voice_en_31716416.mp3,9eeffb85b293c39511442e38a98a95ec130255433bd615f488b530ac4c0ad0773b0cd39e18c3bfb3f3d6a8d66cb236de22fcf2346ca425f6c67c44c81249cc1a,Reproductive females are able to sense these pheromones and are attracted to them.,twenties,female_feminine,en,6.588,medium
common_voice_en_33772875.mp3,e254c202a6539c4de16205b0746e90a96d894243354ccded2441b2ec9c82fb08c1c660510f48d32638f83625be8848f0a0ca70c29b4e9b4fb27d03ee40a0e261,He was Director of the Aviation Research Centre during the Bangladesh War.,thirties,male_masculine,en,6.876,medium
common_voice_en_19757182.mp3,5c64b271f336d1cf4f04340c10af4b4f6382c2d029c24a2293f412fffc347d7aaf9fe4ff244e85b210f866f7e55bf6be19653fff445afe70346715e967453903,His wife is the Chief Justice of New Zealand Dame Sian Elias.,fourties,male_masculine,en,8.232,medium
common_voice_en_34917235.mp3,b04e64ae391a806d6d01a16f78e1ede1ec40d2d1547b3f133490fa70b75e85a8f4eec9e08c689cdcc5857eba6d99602e1d31a0b00e2f542c76b2611119a0770f,"He was educated at Thornes House School, Wakefield and the Polytechnic of East London.",twenties,male_masculine,en,8.316,medium
common_voice_en_28391444.mp3,48e1797d91dc9a655e23e887769d5bcf76f3dc599e90e9784f871552f5fb0e0961a778be05cd568067186951b7f06ee7040e01f920dde6e6e1f792efa340fe45,Students in the yeshiva included Joshua Falk.,fourties,male_masculine,en,6.012,medium
common_voice_en_19937319.mp3,133bb8e52e0df8d5823382266f30d4ab9aef442e2a4b711248c9a16020b27d5be162deaa3d19ecca48bae25135f6309fca6d7bbad954b0875fbbd2fc2b206294,Problems with the new treaty soon arose.,twenties,female_feminine,en,3.84,short
common_voice_en_39915957.mp3,b6fe330187c122028f756ca5f2c03b0736d93254ecbcc73ff551726cab2edf079a1c1fcc528ebdad1a0b528e897437f6c05d0d1a5795372daae9e34b5d6e8885,The choreographer Marguerite Derricks cited Kain as one of her heroes.,teens,female_feminine,en,7.308,medium
common_voice_en_21261870.mp3,519ab8b1411968443b809bcfd4057e3cb5db73d5c7077da7a4c6ec34fe393490ffabc47559083aadae1547e988dad5afb7022e055b71b58e3c04cf01c703c594,Other financial institutions throughout the nation quickly followed suit.,twenties,male_masculine,en,5.136,medium
common_voice_en_38123488.mp3,d47f24a961f815105132ff70f536f5a3855642ab26407216baff59348cca45de8f514a3a9f515909bf5cd36ce883ee380f1b798ffab3dc3a9f660820ddd69535,He was then granted Kalmar Castle.,twenties,male_masculine,en,6.876,medium
common_voice_en_20239311.mp3,129f26c9988949980d38f38f840c0d220b2550610a20f0c3fef948ced76b3d4088185298e2f60b4b36c06665440e20a50c7ffbb757288c9cd2220e63f8f88467,"In the north-east, it encountered intermittent Lithuanian and Prussian raids.",twenties,male_masculine,en,6.024,medium
common_voice_en_31536616.mp3,8b7c050dc307ce209d0848b77f08c759764c0434c0ce12e67d15298fc840092f17c50e137ae6189a20b06eeb87a2055f93588ad1f24b188788453cf7ea6cd8b9,He was posthumously inducted into the Saskatchewan Sports Hall of Fame.,twenties,male_masculine,en,9.54,medium
common_voice_en_19382251.mp3,37fdc19866d71e0e39cd5f3aef5005324128085ab8ffa0480c5c137aef0b192bf2bf1a3f0bc370e7792e0f43df2087accb1d04125166929b60c0003c9e157681,"Baxter is buried at Bulawayo Town Cemetery, Bulawayo, Zimbabwe.",twenties,male_masculine,en,5.064,medium
common_voice_en_31529409.mp3,a6a73789027758cd146869764429f79e0f41b3f8a382b143284a5a68d026f833e8627b5841beca03e1aa1f2bced0be8c79d738ca7cee3b71d59a92ced6e6052d,They had four children (two sons and two daughters).,twenties,male_masculine,en,6.444,medium
common_voice_en_18250601.mp3,5f0f4cb278f97ece0ac549957e1813194934203c16249f60a8326f91baf20fdab707ed9ec5ecad35e26dfd515c9d77a668010d623c64ea7e1b34b8e7e735f825,This is the strongest candidate for the role.,teens,male_masculine,en,4.824,short
common_voice_en_20900717.mp3,832792fdef004f49a6f92c0ad00140706fda421e23b24a7141e0a6f9968dd8dd0cdff52d0412629643178144cb8886b2e894f166b1591b3cf654e80cd50e930c,Darbepoetin alfa is a Pregnancy Category C drug in the United States.,teens,male_masculine,en,5.616,medium
common_voice_en_36765761.mp3,ac351c3ca7f1f9beadf91b8414f6e6f0f4ae324b1e594a592a5dbd750d7998b77e1bd798933bc60903d302ee167a0aee83001a9a79eea37fcee91c602b0407e5,"Key, Short, and Foster feed into Gunn.",fifties,female_feminine,en,5.184,medium
common_voice_en_19708700.mp3,0a86ee1f47ab2116c784442469107093f7c50d7f869f88f8a2af47e9a7ec6fe5c245e9d56a12124463f51884bc59a4adb4715dffec634ca434e5205c14012fc8,He wrote many pieces for the cultural magazine.,sixties,female_feminine,en,5.352,medium
common_voice_en_19648410.mp3,df731f652026a3cc1a1a572a65d0d465a1c105989a4de2cf2ea59669059da60eaeb87b5e9807634a39b381b4f66e4eb3950e7bbad7481fbb401a46c72e2db521,There are also stand up specials after the episodes in this season are finished.,twenties,female_feminine,en,6.72,medium
common_voice_en_512011.mp3,b64bce636bf8f23134f5f46d2317a0cae7ff593d7a96a17199110c8ff0beb822fd85dcc3bac23290766b756c94769d88990210b2160241a010f6add5497d1eef,Drinking and driving is irresponsible.,fourties,male_masculine,en,4.416,short
common_voice_en_26717744.mp3,fdf4443bfa6f476ffe4c1fba01113ca3f3ccb2d8d54177f760eb22a6991eb8b0e8f865f942bd077e73bbd811bcbfe3a68200a69dbce5f1f7045061e02c0df770,The route would thence go west to the Tonawanda Railroad at Batavia.,twenties,male_masculine,en,6.084,medium
common_voice_en_691448.mp3,d5c4d3a2102843a3487178c1fb66933ba3261014e6aa589703de2c94415aeddc7f6ffb061556d3f88d6300c5b1834c6dd840973fff005650508a94f60df2970c,Two boys are playing soccer in the water at the beach.,thirties,male_masculine,en,8.664,medium
common_voice_en_17426004.mp3,57e8fdd24825ff4d5ab613e0187465c98aab8dd0a4a180761975de02bd50fc7ece74dec45495480689fdd36b0c2318719d72493fcc099936b28cb4f8bb442cd9,"The computer was going insane, it displayed garbled nonsense and then shut down.",thirties,female_feminine,en,7.656,medium
common_voice_en_17916879.mp3,9f360057e393b5292db76821e256949938e2b88853c6dc67553f59348213b0587695f95d499b87bb1a68120ebe0eef7fc32b1f5336e3d301a6116e0eb51bc704,The fan whirled its round blades softly.,thirties,female_feminine,en,4.704,short
common_voice_en_31893853.mp3,00e77ea0f4da381325ffea4b940d26c2805f797a7bf9862812ac096859f91aa4f1b297008566927bd571ba2ee8fe60babaa556430cd44d83149df50056dee433,Poor weather conditions.,twenties,male_masculine,en,4.68,short
common_voice_en_39765214.mp3,7f692d68de3264ccd32c3cb66ee688bdbd616196a1bc4cde7f8851ec28a5310fc9251829b7cffe7c3c24f385696bb5696cb321ccee36f4b25abbc1af9fb42db4,"Their chief goal is to capture a young boy, named Akira.",thirties,male_masculine,en,5.04,medium
common_voice_en_20140424.mp3,655f47d9ff60efe615e3b727feadaafa040580de923b1672d06662e384a444f16f1f753a5e6768962bbfb96b36655d5614e738f1b606f3829b9c3860e51d4032,Cavilla characterized the transfer of leadership as an illegal act.,twenties,male_masculine,en,6.048,medium
common_voice_en_22754639.mp3,b759739700a5317aadae69369943ed1a49e1d0ef769cfe65c19ff1328c076bb47e89deb666e5a78f50d9f8b619a0c27d0e4ccba857dd096989b9c3a2a336a1c6,Maria Severa Onofriana is often mentioned in fado songs today.,fourties,male_masculine,en,7.464,medium
common_voice_en_33211536.mp3,0795b900b2f1728573e1d69f755dda6fc1c5a5fb61f1a26142954c5ccb4d677e1385093801198c31d58b2f4aed996f28277a9aa58935e90ea025af00f3d1ead5,This argument is ancient and musty and in respects an economic fallacy.,twenties,male_masculine,en,8.208,medium
common_voice_en_20556516.mp3,3425194a303bd2def5901d1ef01365089f8f6808035b8884b26431e5d680cc6105c54bcd34e92589cd8c581c244e33027d18ddb7c9cea0ab6738441e1345fb66,"Stephen the First, the first king of Hungary, founded an episcopate there.",twenties,male_masculine,en,8.688,medium
common_voice_en_37331681.mp3,d1218b14fd00560426db086e60bf1031665bdc0a078658a2e37401c395ace2dad97163a210ca9fb506e24ea465f55af06f9288f78929168700993d2bc7556bc2,"His father, Wolfgang Burkhard, is his manager.",twenties,male_masculine,en,5.328,medium
common_voice_en_17666102.mp3,9a0b6456369c8f2d4ff1f9d0385bf5c31ae78098958d817585364b5f0d9c0a0752add2be76510ae2e0a3aa8113b7432ebaf273740dd106011f9569412a814a05,"Very well, she said.",twenties,male_masculine,en,2.544,short
common_voice_en_27709919.mp3,55dce46ce3866d1cad0e9dcd03754f8a75ec229da83ffb8a47616d2e3565703d1dc32fdb0da22b7867de52b7a5b7d566f587a7fa55fa4c6fa6adba71d752f80e,He succeeded to the throne on the death of his father.,thirties,male_masculine,en,6.408,medium
common_voice_en_1564420.mp3,5e7bbd32f2a872e09d1843d15596c49b0cc9e89a7c6c4175b9e0f7223a5421f6bb2b1fcd8a2977dd5b8d5165eef1eaa2a1d37105e7bbb807657175bb41efde8c,Presumably Ryan never did any sanity checks.,twenties,male_masculine,en,5.568,medium
common_voice_en_18758926.mp3,d35bc38c3247a264270a48c40eb8e924b9870e6e2ed2b52259f24c4ddde21cf8216bc84f7458931a5c6c5de05e1cef2323424b1c9335e500b83fd9a5623a5c11,In some cases-particularly with underground structures-these were never actually abandoned.,twenties,female_feminine,en,8.064,medium
common_voice_en_21654081.mp3,6aaa188972cdacbe89a6f3706ba3dc83ea27cc569a9d62faed2a74cac8b3577789e83d1f02c0ef07df036586b1b26aff005edd25d9b82264e5f5d68a2905855d,Turan-Shah built the citadel on the hill overlooking the old city.,thirties,male_masculine,en,8.664,medium
common_voice_en_31636385.mp3,f923ee44db8fb4c721c8a0fd52b88fa0c41642c5ae3c5a0a58da782182ba0484bd18516747de3fb9a35b4b567eeb459c52e0ebb40e033cc05ca9bbf7fd29c0c4,No one yells at you when you smash into their car.,twenties,male_masculine,en,5.616,medium
common_voice_en_20907100.mp3,8b013501232efa839e9f06e81e4d1f016214d97ec7eb23ad16d0945742fba91dd20302630c155fa5f25e03df0d7240ed4293bbe88313b6a8380d65736ed36b80,"Since, insects have become popular subjects in philately.",twenties,male_masculine,en,8.856,medium
common_voice_en_31367786.mp3,5fd3077b3b9da19286d3f782cb89c753785d46d7adfeac181e12f0441f29cc31e0dcd6b8e2e0891c8e39000bf811a1b2ea8a806958eadd6f54f1ee85dfe51d4d,The company manufactured health and skin care products made from rooibos extract.,thirties,female_feminine,en,7.308,medium
common_voice_en_38849850.mp3,2f50b33c04bb015bb656de563c2dbc5da64da60f037e79abf65ef89d1aeeb993caf96b2ff4d5bc4989a694712f957990e8e2b3982e32de662f62c596ba6e8385,This arrangement has continued to date.,teens,female_feminine,en,3.636,short
common_voice_en_540648.mp3,94d35e321896f8b6f57f332e5d583cf9188b424b688d153229b6e770bf557be04f0ca37e4f45703b1adec899cb72e7a1e0f7a8484234e236718ba172abf7afc1,"The man is skiing down the steep, snowy white mountain with clouds in the background.",teens,male_masculine,en,5.904,medium
common_voice_en_23828198.mp3,07da16a0cc6437e22658faa0838db3d12344781e38f0632d4228fbf81b276ee7c86e3f6a372b9c0f4e22325b6b177645f9ba10175dc943c22a6683c4b26bf67a,DeSmet promising to fulfill their request for a missionary the following year.,thirties,male_masculine,en,8.544,medium
common_voice_en_26717743.mp3,fdf4443bfa6f476ffe4c1fba01113ca3f3ccb2d8d54177f760eb22a6991eb8b0e8f865f942bd077e73bbd811bcbfe3a68200a69dbce5f1f7045061e02c0df770,There were two issues of these pieces.,twenties,male_masculine,en,4.104,short
common_voice_en_29326449.mp3,91acc0351b5329bd1759a5f63c04111694076f3c8a058f083e459177ba871a331f0ff0cd89145d8e79e009e3b31f7f1a1ceb01b854a9e35cc503a173c1c8685c,"He is the father of Eben Upton, creator of the Raspberry Pi computer.",twenties,male_masculine,en,7.812,medium
common_voice_en_37153340.mp3,2baed572065c5ce381c1d5b26e67a85182b9a022072e66238b82d752154342ef2c754dd9dbe91848f1537aa8c278b6d06b367306fc6e9226364a9c6b5fd45904,The most updated Senate version however allows Native Hawaiians to pursue claims in court.,fourties,male_masculine,en,8.28,medium
common_voice_en_22968575.mp3,2202ede8fe3240db9041b348a22f6d829177ebf9375301e22c984357179b65c554a081f921eb753b447ad4517c4874ed69c85c7939344c368a2f8b02b78677d3,There is no intermediate status; nobody in enemy hands can be outside the law.,twenties,male_masculine,en,7.752,medium
common_voice_en_250.mp3,2683e71b184cdcf29c6cc830ece1b47faad93197d6d343ff3558bc5b6780b209123fd39195fe0341e28a83688e2b46f59f0b6b62d8214dd8083cee9bddc963b2,It's hard to compare something necessary and mundane with something I'm excited about.,twenties,male_masculine,en,7.104,medium
common_voice_en_18242953.mp3,e53e00cdc61a638bda21c062f05e66f2238579e077b5941145088aff017818ca5ff07fe6cad2353694e15e8338a513d142c8b31c4a390add85dcafed1ef32dc7,Let me help you guys.,thirties,male_masculine,en,3.264,short
common_voice_en_40160640.mp3,ad3a21d76ff9a4f50112603d8c7e10503da7ac642c9448bdb56f372030670240e8cfbc154fc77868dc01b5c8fb04b54e3c162184481126ea48f4d9cfe534d432,"Primarily as a result of the Floodway, the city suffered little flood damage.",twenties,male_masculine,en,7.2,medium
common_voice_en_19854772.mp3,bf1285e6634173efe01bdc06f68db814cd9f1e95a512e66fb105d726354871a8d106346488acb3d16ff52986273832d317799578ece77098b3d29c530dec63a2,Multiplication and exponentiation are defined similarly.,teens,female_feminine,en,5.424,medium
common_voice_en_193485.mp3,4d8947addcf6687cce07f0e7aa91505e769de388e3e827660bcbca391cf20022ecea513bed3c281d2e2a922b49e9d602c4b8f20a7cd561f9eb0079a211025306,You want the moon?,thirties,male_masculine,en,4.824,short
common_voice_en_37265605.mp3,5752ae17b22b15ae835d25e0f8aa45dcad3a85f36b840531cda699e2cbba87ae7fb65079ffe76b67a6e3d36ea45fec955d0d58516a454b4aded5dac62d0acbdc,Moutinho was an ever-present figure for Porto in his first season.,twenties,male_masculine,en,7.776,medium
common_voice_en_31685269.mp3,3a71e3ee3b27861ccf0c69349d79949cebd1c0c547f9fe958e4364b1e497745147ff03997e2c7564159d3357185a7d64cbb9ab6145be1560b75e1562b63011ff,He is an Arsenal supporter.,teens,female_feminine,en,3.888,short
common_voice_en_18151607.mp3,3ad734a9b3b939b5f62bddf6344cf30d7f367c0bb8dc1c82cd7d0aac68205b329dfc0649ae82b8d45b8eb498fa4bf215d77024659104f1cde1a339dc781a3f19,"For example, Colombia, Chile, Argentina and Venezuela.",twenties,female_feminine,en,4.464,short
common_voice_en_19050519.mp3,c0a2290f4999bc1fbbb52ad4f068a8a97b7acdc4dc31bd653e199d84c7ad7218e19fafd129e17b582ecbfef46e531d4a1cde9f1431ab0681b29dd0363d49f3f7,"Saint Joseph Church, Bolarum located beside Holy Trinity Church, Bolarum.",teens,male_masculine,en,9.744,medium
common_voice_en_19982627.mp3,b50b26223a413fa6b80b3a94241de9d6dcc88aa361ad40015aa4a7484a769be3b7f22e19b96be1eb8f01cfc4bed8cfb4d384ed5992b66064cadf56f2c13f042b,"Organisers officially canceled the second stage, though an unofficial shortened version was held.",twenties,male_masculine,en,5.064,medium
common_voice_en_31690392.mp3,f4be1b035433c60ad1ad5c4b4d540c96f7fb0e7e025c3373f7065fbddaf331f82f885ee446828e4643f63f08e71bbde45b7dea9cff46154a704b57b6f9959a2a,It is set in Renaissance Italy during the fourteenth century.,teens,male_masculine,en,5.688,medium
common_voice_en_19789702.mp3,b08c785e7b4964b08accd5f271a7503ab81c8ccbaebe5d881825e5f6e7b30094b9f99ffc3bb0133701460c96622de19b7405b30361363c73a4be3f8b95cf24a4,"He is interred in Loudon Park Cemetery, Baltimore.",twenties,male_masculine,en,6.216,medium
common_voice_en_37728197.mp3,2f38b75a0d3e0bc7435fdd3b1b195f874300f8f696a21f41cbaf11f731cc126a8e303eeb7e7cce5d1eca67943f90dd6954f519fb20f5af27b7b44838d9e919be,Hammerhead shot the gang while Silvermane was fed to a metal crusher.,twenties,female_feminine,en,6.048,medium
common_voice_en_21387750.mp3,a3c7b260bdaa62896e1d1b48ac767426834aa8b75aefe5a61c48baccb3d6439c8b568af344535d4d6390a27260f260f18249f4b9ab68b938c2f6f826f8850b9e,Some commercial Electronic Health Record systems use a workflow engine to execute clinical guidelines.,fourties,male_masculine,en,9.264,medium
common_voice_en_20182238.mp3,0bb7207b966a9d5b14e44ba90f7b69565746dc16ad2d957ecfd34604018293c5d04195be36b404b037a2abda9e53a09441e49008f7bbf1a654ed72d1c2f91b7f,The Wild Rose and Thorn Festival brings large crowds to Manorhamilton each August.,twenties,male_masculine,en,9.216,medium
common_voice_en_38329207.mp3,3c5ad61bb5fb7b1941c76268ac6837f08b5e6fd7a5f7960706c4638f1886e9450692008284719460836fcc62f836bc1278e44f67781fe87d141691519bf6c548,"Layne took many trips to Africa, after studying African history.",eighties,male_masculine,en,7.128,medium
common_voice_en_17297557.mp3,f8ad758559801e8ca6008115fdd1a0aad6031818432b31afc5a4969002c719ae29a4c88bd4d537122ddcbb0e8654be13eea9d5148cf0400eea56f0dde8840b0e,"In Ireland, the butter is always salted, why would anyone want it any other way?",teens,male_masculine,en,5.4,medium
common_voice_en_36858544.mp3,7acb7abbf7ccfc14db4c79603e10abfbd9cb7735ef80565421e5576383212673f28b197f49433de6e60fceee8c558d36776a83e974490678c25bcb9813d4c55b,His writings speak to a broad Christian audience.,teens,male_masculine,en,4.356,short
common_voice_en_19210961.mp3,73fc1ca08c8590b227550ad994228abee92762ce6b42c161313fbec891b3e1d76ea367fbea4a506088be9f4dec6c323bf9d1b51bb1e9953221217c805b4f93da,It contains the main game and the two expansions.,teens,male_masculine,en,4.584,short
common_voice_en_19933022.mp3,1cb9b56ccd219152d3d775a9ce3f2ee472b1c92ee6538fba4eceff49c4d922a287bd203151e5b625c8496b291ff31d51d7b37ecbc14cef01abc026022d48a583,Tembaga entered Dutch usage concurrent with their colonisation of Indonesia.,thirties,male_masculine,en,6.216,medium
common_voice_en_25716466.mp3,c742e4fbba1eb5d5137d828866e38ad98771a34a3357bbfea04997b758955e23ad1ab11120927161c6af19afe38f770e00c14d2b80b7f4ca7614a8d4f8dd1d94,"I really was, but things just didn't go my way...",teens,female_feminine,en,6.12,medium
common_voice_en_20009192.mp3,f35b1e3909d992899ccbcac98c30a4a147e9f2c8011ed7c64d958e3629f8bb7cd40d24e00a960377154ca4b0d3d8f31dc7afaedbc856a026e79252c2ec45f4bc,"Two issues later, she was revealed to be the retired former superhero.",fourties,male_masculine,en,6.048,medium
common_voice_en_39602675.mp3,a1e2a0db15f5ab7edcafb94066a3cfb7c8e2db439aece70b74a1d5be362968d1a948630223e85b55c2e03ee93a665ffb326d5d99a38879e7900c92479d00954c,He was a member of the leftist tradition of Philippine historiography.,fourties,male_masculine,en,6.048,medium
common_voice_en_17895366.mp3,8b94cbaa398cc22e624f10a8246666714bc0e496d5a471290de3d1ca7a8ca31438c14460d35f597413f1e5399a91a4cb84c8a77dec5e4edd2ae4a5976f191e31,Jump the fence and hurry up the bank.,seventies,male_masculine,en,6.936,medium
common_voice_en_21667418.mp3,1472465c4f01db710b87737b37c46df9b61745f6e8a6d1284888faac642d079dbc5a3773bbaab78212e9ec75d7fc7a627098fdaab450d738a278d5010618cf5c,The center portion of the dam has since been demolished and the reservoir drained.,fourties,male_masculine,en,7.248,medium
common_voice_en_18317514.mp3,77f1089e97091823cd26e8cb6368df56ad8c451e9ad163f07c4a0888a0375744bf4e1cb8c68ec5d2c486128fafc351116c9d7c47c5b053848eb3f0500f744d3d,"I can't go elsewhere, by your own account.",twenties,female_feminine,en,6.144,medium
common_voice_en_20283484.mp3,678ae9af6093c6ef1c1fb8c17f5f102b8faa2dcb0112b2a5a508953bda32b7109df281879ec561570b81d4b3d47937bbe0c23a7c518a1798cfa3bf61f3396c6f,Nobody has the right to take another life.,twenties,male_masculine,en,4.536,short
common_voice_en_31433769.mp3,8146adaabe30149b80a1d4f1f3aa19c4993a0996c75a08aa7638134047c4c88bb6e6998ada10b9368c5ea7bb790a01cf000b64a36a69cc69c95ea9242619cafb,He was well connected to other scholars across Europe and Italy.,twenties,male_masculine,en,5.4,medium
common_voice_en_37802300.mp3,f1e06cb2b599e1af2eb6bf6b317aaee443e77c3b038f7853d24366ca864780323e0556e1790df4f4628da5714aaaa6ceb3cadf3fac120ef5f6c2ce1f065bbc23,He was chosen for the role by Georges de Caunes.,twenties,male_masculine,en,7.056,medium
common_voice_en_33321693.mp3,7af9eacb93296d122a1627be0fe34a50733ce26cd0dd6f75a9e465645ab2f6b8e75cb4f0b60cbe8d617f0650ee196f4b2d6ae8615ca25ea7cf628e436f5f3139,He had four children and three grandchildren.,twenties,male_masculine,en,4.176,short
common_voice_en_21773347.mp3,1f6d85ba2b1ac13901b12419e30f9f9bdd3d0f66a54bf18296bcbf0b1cf6ef1b804a41de5143fbacf28be6dff2a939b858264cdbaaf3a7978d759e6d0e0b9647,Magnesium fluoride is transparent over an extremely wide range of wavelengths.,twenties,male_masculine,en,7.272,medium
common_voice_en_18395763.mp3,1faf2973af5598943bce1a0dc2d785022e137feb548b7c8143a33f964b08810597894ad99f9ec5578dff7940a59cfe65a20fe18fbf42662add1ea128da150c88,The building is scheduled to open in twenty-twenty-three.,twenties,male_masculine,en,4.344,short
common_voice_en_20002085.mp3,3b54a7b4046b32474f7658014f4e6407e45c4be3f391e194ad26b55ab104dc468a9942c75bd1b30b90ecb23629de632bf9de430941ab7c325d4a7f4fb5e65f06,This leads to Tong's quest for a woman who truly appreciates his strengths.,seventies,female_feminine,en,8.112,medium
common_voice_en_17247324.mp3,560d7e346ef7f88ea8b679058a1168611b274078c0c8cf754240c7b64ce494c59ad948c92fbf6650e6d94a2cb4c3b0c5966c6ff1462f08ae4fef6eb78a24def6,What are you here for this morning?,thirties,male_masculine,en,6.048,medium
common_voice_en_38243826.mp3,65d26b489b3c9274fabe742b234706f8bd004c3c79fec9c44b60844816114dcf358ad96ae46f406ab54e36b0646b98ec4e1e4d7725af34f3f2270fb7709f6dc5,"In addition, nozzles called ""sweeps"" provide the moving effects, swaying side-to-side.",thirties,female_feminine,en,6.768,medium
common_voice_en_38405013.mp3,e7d154534bcd17e20cc92db41b7f975cd44a71abd3b6a522d6dbb5531b3a0855701a40ab5b2108f12d57dbdc4c57e29199fdbec525fdfd252176ee7799ab0be1,The inlet manifold was enlarged and redesigned for better and greater flow.,thirties,male_masculine,en,9.468,medium
common_voice_en_38123782.mp3,d2cd19fd876151d7170c63c9b3776da1b4f11ae11baa15c245ef48478fda665c1a7f28917da8178d77a534d56f371cf04b5e7384f6a5a8866ceb50b5a6e303f1,Bertie's boundaries have remained the same since then.,thirties,female_feminine,en,6.516,medium
common_voice_en_38844620.mp3,b3c2905d1bd30c3f2aab8eb8b848a3acb0ddc255a7b9aaf9d70891afcb7eade73ee488615e3ac7679056cfe6d79d06bc28915e9ed953190c2c8547233a3073e8,She has been named the Cajun Queen in the United States and Europe.,fourties,male_masculine,en,7.776,medium
common_voice_en_31535576.mp3,ef9131555e72e1065aba69dfbf11e383e72b936499a9a78759bb30cb739bec6b6fc8dfba3773c2a13ce9fdfaa4e514aa9b00e0cd65342a9e8da10abaea95685a,This commission is also called Mudaliar Education Commission after the name of,twenties,male_masculine,en,6.588,medium
common_voice_en_28595142.mp3,b749c4610c3b842e962c1fbf2c2e11e7aeef7b49b8091b82366793910393a3827cc200a2cae092843eff4eb444a3625f0abb50161c5ce10c7f1f313bae304d8d,The music video was posted on YouTube on Cory's official account.,teens,male_masculine,en,6.588,medium
common_voice_en_184547.mp3,45a349bd43b19e9743670f094bda725e6cd8be49562faff1bdf1c31a723a20cc429ea4e2b57d9770d48ecae14d588de415ca37cf6cd60de4220a777a7469f4be,I want to get back to my sheep faster.,teens,male_masculine,en,2.904,short
common_voice_en_39094367.mp3,7b141b72135fffd944c180aaf6dcd74ff9fbbd7e8eb8326bd4729555cc3de315e7625bcb2ffd3e3352420880c7531c7521b44e3b6a223572508f24f343a1f933,She is married to Roch Frey.,twenties,female_feminine,en,2.916,short
common_voice_en_19652891.mp3,16dc7b00644f094c4eba56899b86474587281ccb8c0f25cbb338571f324973901b4f1e3705e6d86931d5b64fbd611d3cb63bb0f867da35b32c6b5607f4eb46ea,It is also used to emulate sounds generated by obsolete electronic equipment.,teens,male_masculine,en,6.552,medium
common_voice_en_22790803.mp3,63d643f59fbc26fedecb5085025d4182e4d6c7c9c0494ae28def6bc94bae1454fe199a711a850c627d3ca98bfe7c64400b6264cbb0369ce685fecd52e63922a9,Purgatory Publishing sold off all of their properties and closed down operations.,thirties,male_masculine,en,9.456,medium
common_voice_en_18723998.mp3,475f87d6149b2cd995ea31a89adb3bbf2603c0ce50003f23488a3612b2307dd387c9469081c703c2985d9e653fb3e7c10ca1d6cb56af1ca2f9e7a0d6fbfddba1,The anthem was written in Dutch.,twenties,male_masculine,en,2.544,short
common_voice_en_19956821.mp3,43005d5fb9bfd1049b7058b81226252f3b162f4f5d4ac799189a3b13c37f2a83a2e51edaf1074f53aa4af232233ce625eed0e34c5a317e5e945900e0f9532414,The farm is open to tourists.,twenties,male_masculine,en,3.144,short
common_voice_en_19984720.mp3,a3f9742550d3a55b37e5fae79a1e79ab981fe0c5eff2a8a7956fa000e6d65fb21dd6b75666cbe3e14ce5ec77f79142e37b709d1f49c054d82c8ad5cd520e2301,Platinum is also produced commercially as a by-product of nickel ore processing.,twenties,female_feminine,en,6.576,medium
common_voice_en_22740552.mp3,98beebef81b46b6944ab96e9b2db65f56c1319a365052d4be8ef55672fd9146108904b47db118af659b70db53570b6b185045c470ce60fe29e01a08d2028510c,Souris is in the central part of the county.,fourties,male_masculine,en,5.28,medium
common_voice_en_19951114.mp3,59dd9e2b5cd07156895520e28770ffffcf0fd055ddba38fba4c2ac3e504bcf4ddd1274263a900ef84b204d6a4c73e1897225cc9f4e077da60fb94b7a56d4106a,"However, this was still short of the first film's gross.",twenties,female_feminine,en,5.232,medium
common_voice_en_21754598.mp3,cf07ddf892f376cefb3dda491917ac705e853b3e0dc8c2c1db1dd88c0e8c7b49aba17822cf172db0dfcb7a96e342bd8cdcfeed92caf248e100bd324d8dffb7c8,"Summers, in comparison, are much more stable.",thirties,male_masculine,en,5.424,medium
common_voice_en_17832074.mp3,850fb5ca5215bb74625f939b2e125d200b1c4b5f87f9e606a495abe33970566eced1642a96b020f5431daa70114fd2badf7c46086c24fab00b46232bf80d0101,"Cheese is made from milk, as well as many other dairy products.",thirties,male_masculine,en,5.928,medium
common_voice_en_22559121.mp3,3cc328b3810f0a7e2abaad2809d65499b15d66a92afe9dbbfbf59d044cf12f3014f8e2f7878cec357725e0081a153f81096f1bc93b95bb0cd856c00d17d46f76,Their son became mentally ill and never recovered.,twenties,male_masculine,en,5.664,medium
common_voice_en_19941227.mp3,25a7fe2b89f6485a9be20c3992b33322275e51ed77c07791dfac8ef383a2a0512d61c90084250d292f2486af6e8904d8469173f4b29062b684418bc5a032b314,It is part of Greater Belfast.,sixties,female_feminine,en,4.176,short
common_voice_en_18882317.mp3,60af85dc4a02c391c7e94ee3f61594702debf946c7efe082a5cfa707579447ad08600a71ac48125ef5bc825fce759ca216d621ceb762b336e2993de0c8ee5de7,Limber pine occurs at the higher elevations.,thirties,male_masculine,en,6.816,medium
common_voice_en_23907754.mp3,bf82f0bf151d5ab70657af04d37519cbd48e64b72e8c43e21aa31bca468f6e7ccccafbadfad9500a1e3abf783201eebb18dc3d44efd5760c39a374c962934d60,National and international competitions are held on a regular basis.,fourties,male_masculine,en,6.384,medium
common_voice_en_21400996.mp3,b4ec8e9faab5856204de9540d9d61a4815b0db046914b7b4406d2201db9f44ba5663e04e1105663ad09d5c0597224e01d5ef19d62d188ab9a0015410f0f0de9c,"It merges elements of functional and logic programming, including constraint programming integration.",twenties,male_masculine,en,8.544,medium
common_voice_en_20688626.mp3,d65be7ecf58d0b8d9268b5ba296a34171b95706a9844ba1843d4087d73f18d46c2533b198989c2ab47b6129601541c43067bd15d84932dfbef4367d19fbe2010,Cane cutters cut cane and sometimes transport it by ox-cart.,twenties,male_masculine,en,6.864,medium
common_voice_en_31679243.mp3,e364263670a0e524702626b5edaad3d3b0c066a596bdf0af302ca3a0740fb566224473c25d95487c1667f61ec3243d86a73e4ccad4cf03e6c14d6dd408292805,"It has been declared ""vulnerable"" under both Commonwealth and Northern Territory legislation.",teens,female_feminine,en,6.66,medium
common_voice_en_17747097.mp3,dd75a37245b84a86de50350ccafaeb00f7113607f2115d0811918f985778f39028d4e4d7410d98eab0291595c3043cb66749709b7bd293858c4d1e0569a1e1a9,Where did you say this man worked?,thirties,male_masculine,en,3.384,short
common_voice_en_214716.mp3,15a134bccd202ffe1a823fcac536931992eeab14d933578902ed154dcee1bbf19cbfd5531605c1312a6a93b9955371af242ae8a2a59148d8033984c5002c9e9e,Self praise is no recomendation.,thirties,male_masculine,en,6.264,medium
common_voice_en_24110023.mp3,bfd700eb405990b6d555737eb27ff503ca536d3735deefc9ac027d7fa2389dbcef9e1fa0e750d5120c2c9ed61cdf47028d0c1af2a6fa6617f73f79145240c88b,"The delegate can participate in, and vote, in committees.",twenties,male_masculine,en,8.64,medium
common_voice_en_38804145.mp3,7b94bebb9d92ac909de85ae77752a8dbc6fd01a051ce44eeb5bc0c70a679a34567e7b1366e8810a44de66b79651c7211fed919ce40f8534bffd08433b0ced6ef,"It is located in the Salmo River Valley, surrounded by the Selkirk Mountain range.",twenties,male_masculine,en,7.128,medium
common_voice_en_17703496.mp3,16a0ec44bda71a1d91e069bbfb6fa1053c172bee26a963a70d3dbe0bad9f3c696a6cff30420f2ed19d2df8c8e227c17aea6f540a8eed151b5356122f7d7714d2,"You know, he is an honest man.",twenties,male_masculine,en,4.512,short
common_voice_en_19932747.mp3,a694179ceab80b0c76f6616276dacaa75c2a530cc8ac065c49194a92cfe4bc4a0620f18676afc4bc0c25df4accdaf4fee687190b62260830cd4c16aa9837b056,"It is located near the Croatian border, in the traditional region of Styria.",twenties,male_masculine,en,7.128,medium
common_voice_en_19011343.mp3,c0d3873169fa60a7cd0318009b70f68db934a4291aa597fc4aafa1f5ce07c8d78ea14e640e27c1f0ecaa7c05d3938eb0bb14b68ffd08950a12e56715a551dce2,"However, blue has not always been the most dominant colour.",twenties,male_masculine,en,5.016,medium
common_voice_en_19415544.mp3,654f0d825c441e91461093308373af235874d21a3107c1b2335411cb377a94df6b1026d0ca8cac35b1c7186dbdb7d5c7c93168910c8fbf918c9023bdfd645ac8,The band still plays occasional live shows.,twenties,male_masculine,en,5.112,medium
common_voice_en_18983327.mp3,852d00ef4564419b7f57a82eaf875d9c9201aea2b69157ea2becb3f26d8ab2169514a01b6bff27d6ea7da0b93b6caf9daf26eef2974d208681b717cb8370198c,Scope creep often results in cost overrun.,twenties,male_masculine,en,5.4,medium
common_voice_en_37250085.mp3,5e98b4c19cda306c82c4cd09f28d0f207ec72d761e0e5eb1c72bb7bd7600b3194b74f24e6a3bd05b0a654f0d2a5e68de0ff6608941f0ac0034c2f6a83821cae5,The executive producer across the series was Bill Locke.,twenties,male_masculine,en,5.508,medium
common_voice_en_23768959.mp3,fa0d266691489d815eac1a5c164b78f2a5e4bb02a07069fd922425e99044c9d83d0efe3612256bc45b99c5302296c9e7ee2abab8793aa0d58ff585f845286fc8,"Soon, however, it becomes evident that raising enough money is harder than it sounds.",teens,male_masculine,en,7.056,medium
common_voice_en_20972098.mp3,72c99fc06d92b8b2f28e64ee08a407cd07f4cba5b6a8fda3aec5067a6b56456cd3e29ae67d732990eb64bea97ee87026b2a861893eac9bc5c4bf607a7a7613bd,Brazilian Rock band Swianne currently perform the song regularly in their concerts.,fifties,female_feminine,en,6.072,medium
common_voice_en_22544247.mp3,dd517eaf0e55306269e9a7e2d9c1fc33574f427f6a435157aa48c81713bc8bbbc92b59b3f9fa0f412605ef392d4c1295e7793052633ef7f459c6f3d5d3fc7822,"She attended Mercy High School in Farmington Hills, Michigan.",teens,male_masculine,en,6.696,medium
common_voice_en_37864410.mp3,7c2e1379a7311df0c1441df92266693c85080ef5ef0ed326073c3bdc5a3f2ac3ebc089811bea08937341a1580a0b76ce3d4be6c51b4711d452ac9dd77f39396a,She has five grandchildren.,thirties,male_masculine,en,2.808,short
common_voice_en_600880.mp3,dd5052b937fcd207b764112c80db3370bd5f3c7f0947226e4a86faa79167ec48f1edce96a32073c85b8e484ff879f2374309d9c45afd5a350716d53d0d277284,"I still have no idea how to turn myself into the wind, the boy repeated.",sixties,male_masculine,en,11.952,long
common_voice_en_18669344.mp3,908888b0d3b7549922cb2624e0692b821238a28a41524d330098cec37b6054f362ac24f275c010de683dbecb2d7e497870ae87e0f950a3bfcbfec0cd5a9d861a,Many reviews praise the book's humorous and brutally honest look at the South.,fifties,male_masculine,en,8.136,medium
common_voice_en_40117194.mp3,fd359f63916e915b51cd957eda80cf225acd6aee767a8f16d87f9f589d33991bc124dc11f3b8f38495cb7679cd0cddc585e512a146fdafbad7e3e5f3c5b3f861,Walter's parents were pioneering missionaries in China.,twenties,female_feminine,en,6.516,medium
common_voice_en_17294097.mp3,3fa0fbec64726f729405849507f31cb827aee5d1bc9e8fad2e4996c030a6b501ae9bf1ba231388eef3c01aaca967d32eb2831092191655e704e47a975eafb846,I really love to watch live streams of developer conferences.,twenties,male_masculine,en,5.544,medium
common_voice_en_22948690.mp3,998effbccab98472ee02a2df8ded519e4db97a808af0075e4873d9b3da863c11dd20afef1ddee57f5413031dee27c7cc2fb87cfadbefb489725a43f3752fa024,The distinction may be understood by comparing examples.,teens,male_masculine,en,5.088,medium
common_voice_en_25660678.mp3,b017529ef81c1f40ccbe5a85d96af979d3b4ae7817a0db2ab63bf21cde39104beb98d21d099e956f41af988d50eb197a985efb14d0a824656d456ff8c847193b,It is high with a diameter and the walls are thick.,teens,male_masculine,en,5.688,medium
common_voice_en_531902.mp3,a0443f6835101d872214db3f450df247aefbe3c25511b3508b3ae4d20f9f30d9f738fcfec770ec8cab97004d1f6ff298c8e88996e93d971fbd6d1926818fff4b,The chain rule is applied twice to this formula.,twenties,male_masculine,en,6.024,medium
common_voice_en_20282437.mp3,38894cc7e0d7ef1612a74e9a08ea2bf06d4aeb2e2ac358edba07a0f165e26b4c62fa942014f13983d8a63dd6306bee1fa94229c8da6a4975c840d10c364539c4,McGraw-Hill has published a high school social studies textbook using this approach.,twenties,male_masculine,en,7.944,medium
common_voice_en_22652665.mp3,154359a4596226e144b2ee80422f42f12394f548db4e45eebd6eef091eb55faaa3abad25f77690a59f3f49dd2ad7dc53221e99ede625c0292c96e66931ffb6c0,"He is, however, usually addressed as Lord Stern, or Lord Stern of Brentford.",fourties,male_masculine,en,8.064,medium
common_voice_en_21071523.mp3,f398c3441dd9d32e4483cacc160004c69d72633c1172a6d4c537a4b04aff5c33707bebd03841709e55ed2a636f08ec00342335314eb0cf3df0c436a28117da0a,Brevard County maintains North Riverside Drive.,teens,male_masculine,en,5.952,medium
